INSERT INTO CATEGORY (ID, NAME) VALUES (1, 'Informática');
INSERT INTO CATEGORY (ID, NAME) VALUES (2, 'Escritório');
INSERT INTO CATEGORY (ID, NAME) VALUES (3, 'Esporte');
INSERT INTO CATEGORY (ID, NAME) VALUES (4, 'Livros');
INSERT INTO CATEGORY (ID, NAME) VALUES (5, 'Beleza');
INSERT INTO CATEGORY (ID, NAME) VALUES (6, 'Móveis');
INSERT INTO CATEGORY (ID, NAME) VALUES (7, 'Esporte');
INSERT INTO CATEGORY (ID, NAME) VALUES (8, 'Jadinagem');
INSERT INTO CATEGORY (ID, NAME) VALUES (9, 'Carro');
INSERT INTO CATEGORY (ID, NAME) VALUES (10, 'Viagem');

INSERT INTO PRODUCT (ID, NAME, PRICE) VALUES (1, 'Computador', 2000);
INSERT INTO PRODUCT (ID, NAME, PRICE) VALUES (2, 'Impressora', 800);
INSERT INTO PRODUCT (ID, NAME, PRICE) VALUES (3, 'Mouse', 80);

INSERT INTO PRODUCT_CATEGORY (PRODUCT_ID, CATEGORY_ID) VALUES (1, 1);
INSERT INTO PRODUCT_CATEGORY (PRODUCT_ID, CATEGORY_ID) VALUES (2, 1);
INSERT INTO PRODUCT_CATEGORY (PRODUCT_ID, CATEGORY_ID) VALUES (2, 2);
INSERT INTO PRODUCT_CATEGORY (PRODUCT_ID, CATEGORY_ID) VALUES (3, 1);

INSERT INTO STATE (ID, NAME) VALUES (1, 'Minas Gerais');
INSERT INTO STATE (ID, NAME) VALUES (2, 'São Paulo');

INSERT INTO CITY (ID, NAME, STATE_ID) VALUES (1, 'Uberlândia', 1);
INSERT INTO CITY (ID, NAME, STATE_ID) VALUES (2, 'Campinas', 2);

INSERT INTO CLIENT (ID, NAME, EMAIL, CPF_CNPJ, TYPE) VALUES (1, 'Maria Silva', 'mariasilva@gmail.com', '36378912377', 1);

INSERT INTO PHONENUMBER (CLIENT_ID, PHONENUMBERS) VALUES (1, '33338888');
INSERT INTO PHONENUMBER (CLIENT_ID, PHONENUMBERS) VALUES (1, '99997777');

INSERT INTO ADDRESS (ID, NEIGHBORHOOD, NUMBER, STREET, ZIPCODE, CITY_ID, CLIENT_ID) VALUES (1, 'Bairro 1', '123', 'Street 20', '12345678', 1, 1);
INSERT INTO ADDRESS (ID, NEIGHBORHOOD, NUMBER, STREET, ZIPCODE, CITY_ID, CLIENT_ID) VALUES (2, 'Bairro 2', '456', 'Street 79', '87654321', 2, 1);

INSERT INTO PURCHASE (ID, INSTANT, CLIENT_ID, DELIVERY_ADDRESS_ID) VALUES (1, {ts '2018-01-17 12:40:15.20'}, 1, 1);
INSERT INTO PURCHASE (ID, INSTANT, CLIENT_ID, DELIVERY_ADDRESS_ID) VALUES (2, {ts '2018-02-03 20:10:52.69'}, 1, 2);

INSERT INTO PAYMENT (PURCHASE_ID, STATE) VALUES (1, 2);
INSERT INTO PAYMENT (PURCHASE_ID, STATE) VALUES (2, 1);

INSERT INTO PAYMENT_WITH_CARD (PURCHASE_ID, INSTALLMENTS) VALUES (1, 6);

INSERT INTO PAYMENT_WITH_BOLETO (PURCHASE_ID, DUE_DATE, PAYMENT_DATE) VALUES (2, {ts '2018-03-18 20:10:52.69'}, null);

INSERT INTO PURCHASE_ITEM (PURCHASE_ID, PRODUCT_ID, AMOUNT, DISCOUNT, PRICE) VALUES (1, 1, 1, 0, 2000);
INSERT INTO PURCHASE_ITEM (PURCHASE_ID, PRODUCT_ID, AMOUNT, DISCOUNT, PRICE) VALUES (1, 3, 2, 0, 80);
INSERT INTO PURCHASE_ITEM (PURCHASE_ID, PRODUCT_ID, AMOUNT, DISCOUNT, PRICE) VALUES (2, 2, 1, 100, 800);